{"cameraMode":{"drawMode":0,"name":"Shaded","section":"Shading Mode"},"sceneLighting":true,"audioPlay":false,"sceneViewState":{"m_AlwaysRefresh":false,"showFog":true,"showSkybox":true,"showFlares":true,"showImageEffects":true,"showParticleSystems":true,"showVisualEffectGraphs":true,"m_FxEnabled":true},"in2DMode":false,"pivot":{"x":-0.6583571434020996,"y":0.10257959365844727,"z":-1.9022083282470704},"rotation":{"x":-0.22779209911823274,"y":0.0005828353459946811,"z":-0.000136339440359734,"w":-0.9737111926078796},"size":8.519051551818848,"orthographic":false}