{"cameraMode":{"drawMode":0,"name":"Shaded","section":"Shading Mode"},"sceneLighting":true,"audioPlay":false,"sceneViewState":{"m_AlwaysRefresh":false,"showFog":true,"showSkybox":true,"showFlares":true,"showImageEffects":true,"showParticleSystems":true,"showVisualEffectGraphs":true,"m_FxEnabled":true},"in2DMode":false,"pivot":{"x":-1.0856904983520508,"y":1.9011578559875489,"z":0.03132057189941406},"rotation":{"x":-0.06712158024311066,"y":0.8991692066192627,"z":-0.1486242562532425,"w":-0.40608152747154238},"size":6.594016075134277,"orthographic":false}